service,method,route_template,usage,web_consumers,backend_source,frontend_sources,notes
CoffeePeek.AccountService,GET,/api/admin/cache/keys,Есть статический веб-потребитель,coffee-peek-admin,CoffeePeek.AccountService/Controllers/AdminCacheController.cs:19,coffee-peek-admin/src/api/admin.ts:1471,
CoffeePeek.AccountService,POST,/api/admin/cache/clear,Есть статический веб-потребитель,coffee-peek-admin,CoffeePeek.AccountService/Controllers/AdminCacheController.cs:30,coffee-peek-admin/src/api/admin.ts:1483,
CoffeePeek.AccountService,POST,/api/admin/cache/clear/{key},Есть статический веб-потребитель,coffee-peek-admin,CoffeePeek.AccountService/Controllers/AdminCacheController.cs:41,coffee-peek-admin/src/api/admin.ts:1487,
CoffeePeek.AccountService,GET,/api/admin/stats/overview,Есть статический веб-потребитель,coffee-peek-admin,CoffeePeek.AccountService/Controllers/AdminStatsController.cs:20,coffee-peek-admin/src/api/admin.ts:864,
CoffeePeek.AccountService,GET,/api/admin/stats/users/timeseries,Есть статический веб-потребитель,coffee-peek-admin,CoffeePeek.AccountService/Controllers/AdminStatsController.cs:34,coffee-peek-admin/src/api/admin.ts:868,
CoffeePeek.AccountService,POST,/api/admin/users/public-addresses/backfill,Операционный API адресов — UI отсутствует,,CoffeePeek.AccountService/Controllers/AdminUserPublicAddressesController.cs:27,,Backfill/initialize/rename/history; отсутствие UI не доказывает отсутствие эксплуатационного использования
CoffeePeek.AccountService,GET,/api/admin/users,Есть статический веб-потребитель,coffee-peek-admin,CoffeePeek.AccountService/Controllers/AdminUsersController.cs:22,coffee-peek-admin/src/api/admin.ts:825,
CoffeePeek.AccountService,GET,/api/admin/users/stats,Есть статический веб-потребитель,coffee-peek-admin,CoffeePeek.AccountService/Controllers/AdminUsersController.cs:42,coffee-peek-admin/src/api/admin.ts:858,
CoffeePeek.AccountService,GET,/api/admin/users/{userId:guid}/sessions,Есть статический веб-потребитель,coffee-peek-admin,CoffeePeek.AccountService/Controllers/AdminUsersController.cs:52,coffee-peek-admin/src/api/admin.ts:1445,
CoffeePeek.AccountService,DELETE,/api/admin/users/{userId:guid}/sessions/{sessionId:guid},Есть статический веб-потребитель,coffee-peek-admin,CoffeePeek.AccountService/Controllers/AdminUsersController.cs:64,coffee-peek-admin/src/api/admin.ts:1458,
CoffeePeek.AccountService,DELETE,/api/admin/users/{userId:guid}/sessions,Есть статический веб-потребитель,coffee-peek-admin,CoffeePeek.AccountService/Controllers/AdminUsersController.cs:79,coffee-peek-admin/src/api/admin.ts:1462,
CoffeePeek.AccountService,PATCH,/api/admin/users/{id:guid}/role,Есть статический веб-потребитель,coffee-peek-admin,CoffeePeek.AccountService/Controllers/AdminUsersController.cs:91,coffee-peek-admin/src/api/admin.ts:846,
CoffeePeek.AccountService,PATCH,/api/admin/users/{id:guid}/block,Есть статический веб-потребитель,coffee-peek-admin,CoffeePeek.AccountService/Controllers/AdminUsersController.cs:114,coffee-peek-admin/src/api/admin.ts:854,
CoffeePeek.AccountService,DELETE,/api/admin/users/{id:guid},Есть статический веб-потребитель,coffee-peek-admin,CoffeePeek.AccountService/Controllers/AdminUsersController.cs:137,coffee-peek-admin/src/api/admin.ts:850,
CoffeePeek.AccountService,GET,/internal/public-addresses/users,Межсервисный вызов — сохранить,,CoffeePeek.AccountService/Controllers/InternalPublicAddressesController.cs:16,,Потребители в PublicAddressHttpClient / AccountUserExistenceLookup / ShopsRoasterExistenceLookup
CoffeePeek.AccountService,GET,/internal/public-addresses/users/by-slug/{slug},Межсервисный вызов — сохранить,,CoffeePeek.AccountService/Controllers/InternalPublicAddressesController.cs:20,,Потребители в PublicAddressHttpClient / AccountUserExistenceLookup / ShopsRoasterExistenceLookup
CoffeePeek.AccountService,GET,/api/Users/by-slug/{slug},Есть статический веб-потребитель,"SSR,coffee-peek",CoffeePeek.AccountService/Controllers/PublicUserAddressesController.cs:27,coffee-peek/api/public-page.mjs:173; coffee-peek/src/api/publicAddresses.ts:13,
CoffeePeek.AccountService,GET,/api/Users/{slug},Есть статический веб-потребитель,coffee-peek-admin,CoffeePeek.AccountService/Controllers/PublicUserAddressesController.cs:28,coffee-peek-admin/src/api/users.ts:19,P1: админка передаёт userId UUID вместо slug
CoffeePeek.AccountService,POST,/api/Tokens,Есть статический веб-потребитель,"coffee-peek,coffee-peek-admin",CoffeePeek.AccountService/Controllers/TokensController.cs:29,coffee-peek-admin/src/api/auth.ts:17; coffee-peek/src/api/auth.ts:148,
CoffeePeek.AccountService,POST,/api/Tokens/google/login,Есть статический веб-потребитель,coffee-peek,CoffeePeek.AccountService/Controllers/TokensController.cs:51,coffee-peek/src/api/auth.ts:187,
CoffeePeek.AccountService,POST,/api/Tokens/native,Мобильный контракт — веб не использует,,CoffeePeek.AccountService/Controllers/TokensController.cs:77,,
CoffeePeek.AccountService,PUT,/api/Tokens/native,Мобильный контракт — веб не использует,,CoffeePeek.AccountService/Controllers/TokensController.cs:97,,
CoffeePeek.AccountService,PUT,/api/Tokens,Есть статический веб-потребитель,both refresh,CoffeePeek.AccountService/Controllers/TokensController.cs:120,coffee-peek/src/api/core/interceptors.ts:87,
CoffeePeek.AccountService,DELETE,/api/Tokens,Есть статический веб-потребитель,"coffee-peek,coffee-peek-admin",CoffeePeek.AccountService/Controllers/TokensController.cs:160,coffee-peek-admin/src/api/auth.ts:37; coffee-peek/src/api/auth.ts:236,
CoffeePeek.AccountService,DELETE,/api/Tokens/native,Мобильный контракт — веб не использует,,CoffeePeek.AccountService/Controllers/TokensController.cs:182,,
CoffeePeek.AccountService,GET,/internal/users/{id:guid},Межсервисный вызов — сохранить,,CoffeePeek.AccountService/Controllers/UsersController.cs:38,,Потребители в PublicAddressHttpClient / AccountUserExistenceLookup / ShopsRoasterExistenceLookup
CoffeePeek.AccountService,GET,/api/Users/exists,Есть статический веб-потребитель,coffee-peek,CoffeePeek.AccountService/Controllers/UsersController.cs:56,coffee-peek/src/api/auth.ts:120,
CoffeePeek.AccountService,POST,/api/Users,Есть статический веб-потребитель,coffee-peek,CoffeePeek.AccountService/Controllers/UsersController.cs:71,coffee-peek/src/api/auth.ts:170,
CoffeePeek.AccountService,GET,/api/Users/me,Есть статический веб-потребитель,coffee-peek,CoffeePeek.AccountService/Controllers/UsersController.cs:86,coffee-peek/src/api/auth.ts:248,
CoffeePeek.AccountService,PATCH,/api/Users/me/about,Есть статический веб-потребитель,coffee-peek,CoffeePeek.AccountService/Controllers/UsersController.cs:111,coffee-peek/src/api/auth.ts:268,
CoffeePeek.AccountService,PATCH,/api/Users/me/email,Есть статический веб-потребитель,coffee-peek,CoffeePeek.AccountService/Controllers/UsersController.cs:128,coffee-peek/src/api/auth.ts:279,
CoffeePeek.AccountService,PATCH,/api/Users/me/phone-number,В двух веб-приложениях не используется,,CoffeePeek.AccountService/Controllers/UsersController.cs:145,,
CoffeePeek.AccountService,PATCH,/api/Users/me/avatar,Есть статический веб-потребитель,coffee-peek,CoffeePeek.AccountService/Controllers/UsersController.cs:162,coffee-peek/src/api/auth.ts:314,
CoffeePeek.AccountService,PATCH,/api/Users/me/username,Есть статический веб-потребитель,coffee-peek,CoffeePeek.AccountService/Controllers/UsersController.cs:179,coffee-peek/src/api/auth.ts:301,
CoffeePeek.AccountService,DELETE,/api/Users/me,Есть статический веб-потребитель,coffee-peek,CoffeePeek.AccountService/Controllers/UsersController.cs:205,coffee-peek/src/api/auth.ts:338,
CoffeePeek.AccountService,POST,/api/Users/me/deletion-confirmation,Есть статический веб-потребитель,coffee-peek,CoffeePeek.AccountService/Controllers/UsersController.cs:223,coffee-peek/src/api/auth.ts:358,
CoffeePeek.AccountService,GET,/api/Users/me/deletion-request,В двух веб-приложениях не используется,,CoffeePeek.AccountService/Controllers/UsersController.cs:247,,
CoffeePeek.AccountService,DELETE,/api/Users/me/deletion-request,Есть статический веб-потребитель,coffee-peek,CoffeePeek.AccountService/Controllers/UsersController.cs:265,coffee-peek/src/api/auth.ts:369,
CoffeePeek.AccountService,PUT,/api/Users/me/password,В двух веб-приложениях не используется,,CoffeePeek.AccountService/Controllers/UsersController.cs:287,,
CoffeePeek.AccountService,POST,/api/Users/password/forgot,Есть статический веб-потребитель,coffee-peek,CoffeePeek.AccountService/Controllers/UsersController.cs:303,coffee-peek/src/api/auth.ts:425,
CoffeePeek.AccountService,POST,/api/Users/password/reset,Есть статический веб-потребитель,coffee-peek,CoffeePeek.AccountService/Controllers/UsersController.cs:317,coffee-peek/src/api/auth.ts:437,
CoffeePeek.AccountService,POST,/api/Users/email-confirmation/resend,Есть статический веб-потребитель,coffee-peek,CoffeePeek.AccountService/Controllers/UsersController.cs:332,coffee-peek/src/api/auth.ts:388,
CoffeePeek.AccountService,POST,/api/Users/me/email-confirmation,В двух веб-приложениях не используется,,CoffeePeek.AccountService/Controllers/UsersController.cs:346,,
CoffeePeek.AccountService,PUT,/api/Users/me/email-confirmation,Есть статический веб-потребитель,coffee-peek,CoffeePeek.AccountService/Controllers/UsersController.cs:361,coffee-peek/src/api/auth.ts:397,
CoffeePeek.MediaService,POST,/api/Photos/avatar,Есть статический веб-потребитель,coffee-peek,CoffeePeek.MediaService/Controllers/PhotosController.cs:24,coffee-peek/src/api/photos.ts:32,P1: ProfilePage presigned PUT не передаёт подписанный x-amz-tagging; использовать putPhotoToStorage
CoffeePeek.MediaService,POST,/api/Photos/shop,Есть статический веб-потребитель,"coffee-peek,coffee-peek-admin",CoffeePeek.MediaService/Controllers/PhotosController.cs:42,coffee-peek-admin/src/api/photos.ts:29; coffee-peek/src/api/photos.ts:46,
CoffeePeek.MediaService,POST,/api/Photos/menu,Есть статический веб-потребитель,"coffee-peek,coffee-peek-admin",CoffeePeek.MediaService/Controllers/PhotosController.cs:58,coffee-peek-admin/src/api/photos.ts:21; coffee-peek/src/api/photos.ts:95,
CoffeePeek.MediaService,POST,/api/Photos/roaster,Есть статический веб-потребитель,"coffee-peek,coffee-peek-admin",CoffeePeek.MediaService/Controllers/PhotosController.cs:74,coffee-peek-admin/src/api/photos.ts:37; coffee-peek/src/api/photos.ts:109,
CoffeePeek.MediaService,POST,/api/Photos/review,Есть статический веб-потребитель,coffee-peek,CoffeePeek.MediaService/Controllers/PhotosController.cs:90,coffee-peek/src/api/photos.ts:60,
CoffeePeek.MediaService,POST,/api/Photos/resolve,Межсервисный вызов — сохранить,,CoffeePeek.MediaService/Controllers/PhotosController.cs:108,,MediaUploadedPhotoLookup используется при прикреплении фото
CoffeePeek.ModerationService,GET,/api/admin/audit/moderation,Есть статический веб-потребитель,coffee-peek-admin,CoffeePeek.ModerationService/Controllers/AdminAuditController.cs:19,coffee-peek-admin/src/api/admin.ts:1164,
CoffeePeek.ModerationService,POST,/api/admin/import/osm/refresh,Есть статический веб-потребитель,coffee-peek-admin,CoffeePeek.ModerationService/Controllers/AdminImportController.cs:37,coffee-peek-admin/src/api/import.ts:491,
CoffeePeek.ModerationService,POST,/api/admin/import/coffeemap/refresh,В двух веб-приложениях не используется,,CoffeePeek.ModerationService/Controllers/AdminImportController.cs:48,,
CoffeePeek.ModerationService,POST,/api/admin/import/decisions,Есть статический веб-потребитель,coffee-peek-admin,CoffeePeek.ModerationService/Controllers/AdminImportController.cs:57,coffee-peek-admin/src/api/import.ts:495,
CoffeePeek.ModerationService,POST,/api/admin/import/file,Есть статический веб-потребитель,coffee-peek-admin,CoffeePeek.ModerationService/Controllers/AdminImportController.cs:84,coffee-peek-admin/src/api/import.ts:508,
CoffeePeek.ModerationService,GET,/api/admin/import/candidates,Есть статический веб-потребитель,coffee-peek-admin,CoffeePeek.ModerationService/Controllers/AdminImportController.cs:94,coffee-peek-admin/src/api/import.ts:357,
CoffeePeek.ModerationService,GET,/api/admin/import/v2/candidates/recheck,Есть статический веб-потребитель,coffee-peek-admin,CoffeePeek.ModerationService/Controllers/AdminImportController.cs:110,coffee-peek-admin/src/api/import.ts:357,
CoffeePeek.ModerationService,GET,/api/admin/import/candidates/{id:guid},Есть статический веб-потребитель,coffee-peek-admin,CoffeePeek.ModerationService/Controllers/AdminImportController.cs:154,coffee-peek-admin/src/api/import.ts:376,
CoffeePeek.ModerationService,PATCH,/api/admin/import/candidates/{id:guid},Есть статический веб-потребитель,coffee-peek-admin,CoffeePeek.ModerationService/Controllers/AdminImportController.cs:164,coffee-peek-admin/src/api/import.ts:416,
CoffeePeek.ModerationService,POST,/api/admin/import/candidates/{id:guid}/google-refresh,В двух веб-приложениях не используется,,CoffeePeek.ModerationService/Controllers/AdminImportController.cs:192,,
CoffeePeek.ModerationService,POST,/api/admin/import/candidates/{id:guid}/decide,Есть статический веб-потребитель,coffee-peek-admin,CoffeePeek.ModerationService/Controllers/AdminImportController.cs:213,coffee-peek-admin/src/api/import.ts:454,
CoffeePeek.ModerationService,POST,/api/admin/import/candidates/{id:guid}/menu/photos,Есть статический веб-потребитель,coffee-peek-admin,CoffeePeek.ModerationService/Controllers/AdminImportController.cs:240,coffee-peek-admin/src/api/import.ts:386,
CoffeePeek.ModerationService,POST,/api/admin/import/candidates/{id:guid}/menu/parse,Есть статический веб-потребитель,coffee-peek-admin,CoffeePeek.ModerationService/Controllers/AdminImportController.cs:252,coffee-peek-admin/src/api/import.ts:394,
CoffeePeek.ModerationService,PUT,/api/admin/import/candidates/{id:guid}/menu,Есть статический веб-потребитель,coffee-peek-admin,CoffeePeek.ModerationService/Controllers/AdminImportController.cs:261,coffee-peek-admin/src/api/import.ts:404,
CoffeePeek.ModerationService,GET,/api/admin/import/hints,В двух веб-приложениях не используется,,CoffeePeek.ModerationService/Controllers/AdminImportController.cs:288,,
CoffeePeek.ModerationService,GET,/api/admin/import/stats,Есть статический веб-потребитель,coffee-peek-admin,CoffeePeek.ModerationService/Controllers/AdminImportController.cs:297,coffee-peek-admin/src/api/import.ts:462,
CoffeePeek.ModerationService,POST,/api/admin/import/duplicates/refresh,Есть статический веб-потребитель,coffee-peek-admin,CoffeePeek.ModerationService/Controllers/AdminImportController.cs:305,coffee-peek-admin/src/api/import.ts:613,
CoffeePeek.ModerationService,GET,/api/admin/import/duplicates,Есть статический веб-потребитель,coffee-peek-admin,CoffeePeek.ModerationService/Controllers/AdminImportController.cs:314,coffee-peek-admin/src/api/import.ts:572,
CoffeePeek.ModerationService,POST,/api/admin/import/duplicates/{id:guid}/decide,Есть статический веб-потребитель,coffee-peek-admin,CoffeePeek.ModerationService/Controllers/AdminImportController.cs:336,coffee-peek-admin/src/api/import.ts:631,
CoffeePeek.ModerationService,GET,/api/admin/shop-reports,Есть статический веб-потребитель,coffee-peek-admin,CoffeePeek.ModerationService/Controllers/AdminShopIssueReportsController.cs:20,coffee-peek-admin/src/api/admin.ts:808,
CoffeePeek.ModerationService,PUT,/api/admin/shop-reports/{reportId:guid}/status,Есть статический веб-потребитель,coffee-peek-admin,CoffeePeek.ModerationService/Controllers/AdminShopIssueReportsController.cs:38,coffee-peek-admin/src/api/admin.ts:815,
CoffeePeek.ModerationService,GET,/api/admin/stats/summary,Межсервисный вызов — сохранить,,CoffeePeek.ModerationService/Controllers/AdminStatsController.cs:20,,AdminStatsClient обращается прямо к Shops/Moderation; одинаковый путь в разных сервисах
CoffeePeek.ModerationService,GET,/api/admin/stats/moderation/insights,Есть статический веб-потребитель,coffee-peek-admin,CoffeePeek.ModerationService/Controllers/AdminStatsController.cs:33,coffee-peek-admin/src/api/admin.ts:880,
CoffeePeek.ModerationService,GET,/api/ModerationReviews,Есть статический веб-потребитель,coffee-peek-admin,CoffeePeek.ModerationService/Controllers/ModerationReviewsController.cs:27,coffee-peek-admin/src/api/admin.ts:760,
CoffeePeek.ModerationService,GET,/api/ModerationReviews/mine,Есть статический веб-потребитель,coffee-peek,CoffeePeek.ModerationService/Controllers/ModerationReviewsController.cs:48,coffee-peek/src/api/myContributions.ts:75,
CoffeePeek.ModerationService,GET,/api/ModerationReviews/{id:guid},В двух веб-приложениях не используется,,CoffeePeek.ModerationService/Controllers/ModerationReviewsController.cs:70,,
CoffeePeek.ModerationService,POST,/api/ModerationReviews,Есть статический веб-потребитель,coffee-peek,CoffeePeek.ModerationService/Controllers/ModerationReviewsController.cs:80,coffee-peek/src/api/coffeeshop.ts:882,"P2: ответ CreateEntityResponse, не Review; visitedAt не входит в DTO; публикация после модерации"
CoffeePeek.ModerationService,PUT,/api/ModerationReviews/{reviewId:guid},Есть статический веб-потребитель,coffee-peek,CoffeePeek.ModerationService/Controllers/ModerationReviewsController.cs:109,coffee-peek/src/api/coffeeshop.ts:894,P1: фронт отправляет published review ID и flat ratings; сервер ждёт moderation ID и rating; photos/visitedAt не входят в DTO
CoffeePeek.ModerationService,PUT,/api/ModerationReviews,Есть статический веб-потребитель,coffee-peek-admin,CoffeePeek.ModerationService/Controllers/ModerationReviewsController.cs:127,coffee-peek-admin/src/api/admin.ts:778; coffee-peek-admin/src/api/admin.ts:788,
CoffeePeek.ModerationService,GET,/api/ModerationRoasters,Есть статический веб-потребитель,coffee-peek-admin,CoffeePeek.ModerationService/Controllers/ModerationRoastersController.cs:28,coffee-peek-admin/src/api/roasters.ts:114,
CoffeePeek.ModerationService,GET,/api/ModerationRoasters/mine,Есть статический веб-потребитель,coffee-peek,CoffeePeek.ModerationService/Controllers/ModerationRoastersController.cs:47,coffee-peek/src/api/myContributions.ts:71,
CoffeePeek.ModerationService,GET,/api/ModerationRoasters/{id:guid},Есть статический веб-потребитель,coffee-peek-admin,CoffeePeek.ModerationService/Controllers/ModerationRoastersController.cs:70,coffee-peek-admin/src/api/roasters.ts:127,
CoffeePeek.ModerationService,POST,/api/ModerationRoasters,Есть статический веб-потребитель,coffee-peek,CoffeePeek.ModerationService/Controllers/ModerationRoastersController.cs:80,coffee-peek/src/api/moderation.ts:322,
CoffeePeek.ModerationService,PUT,/api/ModerationRoasters/status,Есть статический веб-потребитель,coffee-peek-admin,CoffeePeek.ModerationService/Controllers/ModerationRoastersController.cs:107,coffee-peek-admin/src/api/roasters.ts:134; coffee-peek-admin/src/api/roasters.ts:140,
CoffeePeek.ModerationService,GET,/api/ModerationShops,Есть статический веб-потребитель,coffee-peek-admin,CoffeePeek.ModerationService/Controllers/ModerationShopsController.cs:31,coffee-peek-admin/src/api/admin.ts:694,
CoffeePeek.ModerationService,GET,/api/ModerationShops/mine,Есть статический веб-потребитель,coffee-peek,CoffeePeek.ModerationService/Controllers/ModerationShopsController.cs:50,coffee-peek/src/api/myContributions.ts:67,
CoffeePeek.ModerationService,GET,/api/ModerationShops/{id:guid},Есть статический веб-потребитель,coffee-peek-admin,CoffeePeek.ModerationService/Controllers/ModerationShopsController.cs:73,coffee-peek-admin/src/api/admin.ts:712; coffee-peek-admin/src/api/admin.ts:738,
CoffeePeek.ModerationService,POST,/api/ModerationShops,Есть статический веб-потребитель,coffee-peek,CoffeePeek.ModerationService/Controllers/ModerationShopsController.cs:83,coffee-peek/src/api/moderation.ts:304,
CoffeePeek.ModerationService,PUT,/api/ModerationShops,Есть статический веб-потребитель,coffee-peek-admin,CoffeePeek.ModerationService/Controllers/ModerationShopsController.cs:126,coffee-peek-admin/src/api/admin.ts:742,
CoffeePeek.ModerationService,PUT,/api/ModerationShops/status,Есть статический веб-потребитель,coffee-peek-admin,CoffeePeek.ModerationService/Controllers/ModerationShopsController.cs:139,coffee-peek-admin/src/api/admin.ts:723; coffee-peek-admin/src/api/admin.ts:729,
CoffeePeek.ModerationService,POST,/api/ModerationShops/{id:guid}/menu/photos,Есть статический веб-потребитель,coffee-peek-admin,CoffeePeek.ModerationService/Controllers/ModerationShopsController.cs:156,coffee-peek-admin/src/api/menu.ts:222,
CoffeePeek.ModerationService,POST,/api/ModerationShops/{id:guid}/menu/parse,Есть статический веб-потребитель,coffee-peek-admin,CoffeePeek.ModerationService/Controllers/ModerationShopsController.cs:169,coffee-peek-admin/src/api/menu.ts:230,
CoffeePeek.ModerationService,PUT,/api/ModerationShops/{id:guid}/menu,Есть статический веб-потребитель,coffee-peek-admin,CoffeePeek.ModerationService/Controllers/ModerationShopsController.cs:179,coffee-peek-admin/src/api/menu.ts:238,
CoffeePeek.ModerationService,POST,/api/ShopChangeRequests,Есть статический веб-потребитель,coffee-peek,CoffeePeek.ModerationService/Controllers/ShopChangeRequestsController.cs:30,coffee-peek/src/api/shopChangeRequests.ts:82,
CoffeePeek.ModerationService,GET,/api/ShopChangeRequests/mine,Есть статический веб-потребитель,coffee-peek,CoffeePeek.ModerationService/Controllers/ShopChangeRequestsController.cs:51,coffee-peek/src/api/shopChangeRequests.ts:88,
CoffeePeek.ModerationService,GET,/api/ShopChangeRequests,Есть статический веб-потребитель,coffee-peek-admin,CoffeePeek.ModerationService/Controllers/ShopChangeRequestsController.cs:72,coffee-peek-admin/src/api/shopChangeRequests.ts:75,
CoffeePeek.ModerationService,GET,/api/ShopChangeRequests/{id:guid},Есть статический веб-потребитель,coffee-peek-admin,CoffeePeek.ModerationService/Controllers/ShopChangeRequestsController.cs:82,coffee-peek-admin/src/api/shopChangeRequests.ts:79,
CoffeePeek.ModerationService,PUT,/api/ShopChangeRequests/{id:guid},Есть статический веб-потребитель,coffee-peek-admin,CoffeePeek.ModerationService/Controllers/ShopChangeRequestsController.cs:97,coffee-peek-admin/src/api/shopChangeRequests.ts:86,
CoffeePeek.ModerationService,PUT,/api/ShopChangeRequests/{id:guid}/status,Есть статический веб-потребитель,coffee-peek-admin,CoffeePeek.ModerationService/Controllers/ShopChangeRequestsController.cs:113,coffee-peek-admin/src/api/shopChangeRequests.ts:94,
CoffeePeek.ModerationService,POST,/api/ShopIssueReports,Есть статический веб-потребитель,coffee-peek,CoffeePeek.ModerationService/Controllers/ShopIssueReportsController.cs:18,coffee-peek/src/api/shopReports.ts:19,
CoffeePeek.ShopsService,GET,/api/admin/v1/app-downloads,Есть статический веб-потребитель,coffee-peek-admin,CoffeePeek.ShopsService/Controllers/AdminAppDownloadsController.cs:20,coffee-peek-admin/src/api/appDistribution.ts:149,
CoffeePeek.ShopsService,PUT,/api/admin/v1/app-downloads/android/google-play,Есть статический веб-потребитель,coffee-peek-admin,CoffeePeek.ShopsService/Controllers/AdminAppDownloadsController.cs:30,coffee-peek-admin/src/api/appDistribution.ts:156,
CoffeePeek.ShopsService,PUT,/api/admin/v1/app-downloads/android/apk,В двух веб-приложениях не используется,,CoffeePeek.ShopsService/Controllers/AdminAppDownloadsController.cs:43,,
CoffeePeek.ShopsService,PUT,/api/admin/v1/app-downloads/ios/app-store,Есть статический веб-потребитель,coffee-peek-admin,CoffeePeek.ShopsService/Controllers/AdminAppDownloadsController.cs:56,coffee-peek-admin/src/api/appDistribution.ts:163,
CoffeePeek.ShopsService,PUT,/api/admin/v1/app-downloads/{platform}/version,В двух веб-приложениях не используется,,CoffeePeek.ShopsService/Controllers/AdminAppDownloadsController.cs:69,,
CoffeePeek.ShopsService,GET,/api/admin/v1/app-downloads/android/releases,Есть статический веб-потребитель,coffee-peek-admin,CoffeePeek.ShopsService/Controllers/AdminAppDownloadsController.cs:87,coffee-peek-admin/src/api/appDistribution.ts:168,
CoffeePeek.ShopsService,POST,/api/admin/v1/app-downloads/android/releases,API загрузки релиза/автоматизации — UI отсутствует,,CoffeePeek.ShopsService/Controllers/AdminAppDownloadsController.cs:97,,
CoffeePeek.ShopsService,GET,/api/admin/v1/app-downloads/android/releases/{id:guid},В двух веб-приложениях не используется,,CoffeePeek.ShopsService/Controllers/AdminAppDownloadsController.cs:118,,
CoffeePeek.ShopsService,POST,/api/admin/v1/app-downloads/android/releases/{id:guid}/publish,Есть статический веб-потребитель,coffee-peek-admin,CoffeePeek.ShopsService/Controllers/AdminAppDownloadsController.cs:129,coffee-peek-admin/src/api/appDistribution.ts:176,
CoffeePeek.ShopsService,GET,/api/admin/beans,Есть статический веб-потребитель,coffee-peek-admin,CoffeePeek.ShopsService/Controllers/AdminBeansController.cs:21,coffee-peek-admin/src/api/catalogs.ts:76,
CoffeePeek.ShopsService,POST,/api/admin/beans,Есть статический веб-потребитель,coffee-peek-admin,CoffeePeek.ShopsService/Controllers/AdminBeansController.cs:26,coffee-peek-admin/src/api/catalogs.ts:124,
CoffeePeek.ShopsService,PATCH,/api/admin/beans/{id:guid},Есть статический веб-потребитель,coffee-peek-admin,CoffeePeek.ShopsService/Controllers/AdminBeansController.cs:44,coffee-peek-admin/src/api/catalogs.ts:132,
CoffeePeek.ShopsService,DELETE,/api/admin/beans/{id:guid},Есть статический веб-потребитель,coffee-peek-admin,CoffeePeek.ShopsService/Controllers/AdminBeansController.cs:57,coffee-peek-admin/src/api/catalogs.ts:136,
CoffeePeek.ShopsService,GET,/api/admin/brew-methods,Есть статический веб-потребитель,coffee-peek-admin,CoffeePeek.ShopsService/Controllers/AdminBrewMethodsController.cs:22,coffee-peek-admin/src/api/catalogs.ts:145,
CoffeePeek.ShopsService,POST,/api/admin/brew-methods,Есть статический веб-потребитель,coffee-peek-admin,CoffeePeek.ShopsService/Controllers/AdminBrewMethodsController.cs:27,coffee-peek-admin/src/api/catalogs.ts:124,
CoffeePeek.ShopsService,PATCH,/api/admin/brew-methods/{id:guid},Есть статический веб-потребитель,coffee-peek-admin,CoffeePeek.ShopsService/Controllers/AdminBrewMethodsController.cs:45,coffee-peek-admin/src/api/catalogs.ts:132,
CoffeePeek.ShopsService,DELETE,/api/admin/brew-methods/{id:guid},Есть статический веб-потребитель,coffee-peek-admin,CoffeePeek.ShopsService/Controllers/AdminBrewMethodsController.cs:58,coffee-peek-admin/src/api/catalogs.ts:136,
CoffeePeek.ShopsService,GET,/api/admin/cities,Есть статический веб-потребитель,coffee-peek-admin,CoffeePeek.ShopsService/Controllers/AdminCitiesController.cs:21,coffee-peek-admin/src/api/catalogs.ts:66,
CoffeePeek.ShopsService,POST,/api/admin/cities,Есть статический веб-потребитель,coffee-peek-admin,CoffeePeek.ShopsService/Controllers/AdminCitiesController.cs:26,coffee-peek-admin/src/api/catalogs.ts:124,
CoffeePeek.ShopsService,PATCH,/api/admin/cities/{id:guid},Есть статический веб-потребитель,coffee-peek-admin,CoffeePeek.ShopsService/Controllers/AdminCitiesController.cs:44,coffee-peek-admin/src/api/catalogs.ts:132,
CoffeePeek.ShopsService,DELETE,/api/admin/cities/{id:guid},Есть статический веб-потребитель,coffee-peek-admin,CoffeePeek.ShopsService/Controllers/AdminCitiesController.cs:57,coffee-peek-admin/src/api/catalogs.ts:136,
CoffeePeek.ShopsService,GET,/api/admin/shops,Есть статический веб-потребитель,coffee-peek-admin,CoffeePeek.ShopsService/Controllers/AdminCoffeeShopsController.cs:26,coffee-peek-admin/src/api/admin.ts:1204,
CoffeePeek.ShopsService,GET,/api/admin/shops/{id:guid},Есть статический веб-потребитель,coffee-peek-admin,CoffeePeek.ShopsService/Controllers/AdminCoffeeShopsController.cs:50,coffee-peek-admin/src/api/admin.ts:1236,
CoffeePeek.ShopsService,PUT,/api/admin/shops/{id:guid},Есть статический веб-потребитель,coffee-peek-admin,CoffeePeek.ShopsService/Controllers/AdminCoffeeShopsController.cs:60,coffee-peek-admin/src/api/admin.ts:1276,
CoffeePeek.ShopsService,PATCH,/api/admin/shops/{id:guid}/visibility,Есть статический веб-потребитель,coffee-peek-admin,CoffeePeek.ShopsService/Controllers/AdminCoffeeShopsController.cs:100,coffee-peek-admin/src/api/admin.ts:1322,
CoffeePeek.ShopsService,PATCH,/api/admin/shops/{id:guid}/owner,Есть статический веб-потребитель,coffee-peek-admin,CoffeePeek.ShopsService/Controllers/AdminCoffeeShopsController.cs:113,coffee-peek-admin/src/api/admin.ts:1344,
CoffeePeek.ShopsService,PUT,/api/admin/shops/{id:guid}/photos/order,Есть статический веб-потребитель,coffee-peek-admin,CoffeePeek.ShopsService/Controllers/AdminCoffeeShopsController.cs:127,coffee-peek-admin/src/api/admin.ts:1251,
CoffeePeek.ShopsService,POST,/api/admin/shops/{id:guid}/photos,Есть статический веб-потребитель,coffee-peek-admin,CoffeePeek.ShopsService/Controllers/AdminCoffeeShopsController.cs:143,coffee-peek-admin/src/api/admin.ts:1288,
CoffeePeek.ShopsService,DELETE,/api/admin/shops/{id:guid}/photos,Есть статический веб-потребитель,coffee-peek-admin,CoffeePeek.ShopsService/Controllers/AdminCoffeeShopsController.cs:158,coffee-peek-admin/src/api/admin.ts:1299,
CoffeePeek.ShopsService,PATCH,/api/admin/shops/{id:guid}/focus,Есть статический веб-потребитель,coffee-peek-admin,CoffeePeek.ShopsService/Controllers/AdminCoffeeShopsController.cs:172,coffee-peek-admin/src/api/admin.ts:1311,
CoffeePeek.ShopsService,PUT,/api/admin/shops/{shopId:guid}/tags,Есть статический веб-потребитель,coffee-peek-admin,CoffeePeek.ShopsService/Controllers/AdminCoffeeShopsController.cs:186,coffee-peek-admin/src/api/admin.ts:1437,
CoffeePeek.ShopsService,GET,/api/admin/shops/{id:guid}/menu,Есть статический веб-потребитель,coffee-peek-admin,CoffeePeek.ShopsService/Controllers/AdminCoffeeShopsController.cs:211,coffee-peek-admin/src/api/menu.ts:256,
CoffeePeek.ShopsService,POST,/api/admin/shops/{id:guid}/menu/photos,Есть статический веб-потребитель,coffee-peek-admin,CoffeePeek.ShopsService/Controllers/AdminCoffeeShopsController.cs:220,coffee-peek-admin/src/api/menu.ts:264,
CoffeePeek.ShopsService,DELETE,/api/admin/shops/{id:guid}/menu/photos,В двух веб-приложениях не используется,,CoffeePeek.ShopsService/Controllers/AdminCoffeeShopsController.cs:233,,
CoffeePeek.ShopsService,POST,/api/admin/shops/{id:guid}/menu/parse,Есть статический веб-потребитель,coffee-peek-admin,CoffeePeek.ShopsService/Controllers/AdminCoffeeShopsController.cs:247,coffee-peek-admin/src/api/menu.ts:269,
CoffeePeek.ShopsService,PUT,/api/admin/shops/{id:guid}/menu,Есть статический веб-потребитель,coffee-peek-admin,CoffeePeek.ShopsService/Controllers/AdminCoffeeShopsController.cs:256,coffee-peek-admin/src/api/menu.ts:277,
CoffeePeek.ShopsService,GET,/api/admin/coffee-zones,Есть статический веб-потребитель,coffee-peek-admin,CoffeePeek.ShopsService/Controllers/AdminCoffeeZonesController.cs:20,coffee-peek-admin/src/api/coffeeZones.ts:91,
CoffeePeek.ShopsService,GET,/api/admin/coffee-zones/{id:guid},Есть статический веб-потребитель,coffee-peek-admin,CoffeePeek.ShopsService/Controllers/AdminCoffeeZonesController.cs:28,coffee-peek-admin/src/api/coffeeZones.ts:97,
CoffeePeek.ShopsService,POST,/api/admin/coffee-zones,Есть статический веб-потребитель,coffee-peek-admin,CoffeePeek.ShopsService/Controllers/AdminCoffeeZonesController.cs:36,coffee-peek-admin/src/api/coffeeZones.ts:101,
CoffeePeek.ShopsService,PUT,/api/admin/coffee-zones/{id:guid},Есть статический веб-потребитель,coffee-peek-admin,CoffeePeek.ShopsService/Controllers/AdminCoffeeZonesController.cs:45,coffee-peek-admin/src/api/coffeeZones.ts:105,
CoffeePeek.ShopsService,PATCH,/api/admin/coffee-zones/{id:guid}/status,Есть статический веб-потребитель,coffee-peek-admin,CoffeePeek.ShopsService/Controllers/AdminCoffeeZonesController.cs:52,coffee-peek-admin/src/api/coffeeZones.ts:109,
CoffeePeek.ShopsService,DELETE,/api/admin/coffee-zones/{id:guid},Есть статический веб-потребитель,coffee-peek-admin,CoffeePeek.ShopsService/Controllers/AdminCoffeeZonesController.cs:57,coffee-peek-admin/src/api/coffeeZones.ts:113,
CoffeePeek.ShopsService,GET,/api/admin/coffee-zones/{id:guid}/membership,Есть статический веб-потребитель,coffee-peek-admin,CoffeePeek.ShopsService/Controllers/AdminCoffeeZonesController.cs:62,coffee-peek-admin/src/api/coffeeZones.ts:123,
CoffeePeek.ShopsService,PUT,/api/admin/coffee-zones/{zoneId:guid}/membership/{shopId:guid},Есть статический веб-потребитель,coffee-peek-admin,CoffeePeek.ShopsService/Controllers/AdminCoffeeZonesController.cs:70,coffee-peek-admin/src/api/coffeeZones.ts:131,
CoffeePeek.ShopsService,DELETE,/api/admin/coffee-zones/{zoneId:guid}/membership/{shopId:guid},Есть статический веб-потребитель,coffee-peek-admin,CoffeePeek.ShopsService/Controllers/AdminCoffeeZonesController.cs:79,coffee-peek-admin/src/api/coffeeZones.ts:140,
CoffeePeek.ShopsService,POST,/api/admin/coffee-zones/candidates,Есть статический веб-потребитель,coffee-peek-admin,CoffeePeek.ShopsService/Controllers/AdminCoffeeZonesController.cs:84,coffee-peek-admin/src/api/coffeeZones.ts:119,
CoffeePeek.ShopsService,GET,/api/admin/equipments,Есть статический веб-потребитель,coffee-peek-admin,CoffeePeek.ShopsService/Controllers/AdminEquipmentsController.cs:22,coffee-peek-admin/src/api/catalogs.ts:71,
CoffeePeek.ShopsService,POST,/api/admin/equipments,Есть статический веб-потребитель,coffee-peek-admin,CoffeePeek.ShopsService/Controllers/AdminEquipmentsController.cs:27,coffee-peek-admin/src/api/catalogs.ts:124,
CoffeePeek.ShopsService,PATCH,/api/admin/equipments/{id:guid},Есть статический веб-потребитель,coffee-peek-admin,CoffeePeek.ShopsService/Controllers/AdminEquipmentsController.cs:45,coffee-peek-admin/src/api/catalogs.ts:132,
CoffeePeek.ShopsService,DELETE,/api/admin/equipments/{id:guid},Есть статический веб-потребитель,coffee-peek-admin,CoffeePeek.ShopsService/Controllers/AdminEquipmentsController.cs:58,coffee-peek-admin/src/api/catalogs.ts:136,
CoffeePeek.ShopsService,POST,/api/admin/{entity:regex(^(shops|roasters|cities|coffee-zones|beans|equipments|brew-methods|shop-tags)$)}/public-addresses/{id:guid}/initialize,Операционный API адресов — UI отсутствует,,CoffeePeek.ShopsService/Controllers/AdminPublicAddressesController.cs:16,,Backfill/initialize/rename/history; отсутствие UI не доказывает отсутствие эксплуатационного использования
CoffeePeek.ShopsService,PATCH,/api/admin/{entity:regex(^(shops|roasters|cities|coffee-zones|beans|equipments|brew-methods|shop-tags)$)}/public-addresses/{id:guid},Операционный API адресов — UI отсутствует,,CoffeePeek.ShopsService/Controllers/AdminPublicAddressesController.cs:23,,Backfill/initialize/rename/history; отсутствие UI не доказывает отсутствие эксплуатационного использования
CoffeePeek.ShopsService,GET,/api/admin/{entity:regex(^(shops|roasters|cities|coffee-zones|beans|equipments|brew-methods|shop-tags)$)}/public-addresses/{id:guid}/history,Операционный API адресов — UI отсутствует,,CoffeePeek.ShopsService/Controllers/AdminPublicAddressesController.cs:30,,Backfill/initialize/rename/history; отсутствие UI не доказывает отсутствие эксплуатационного использования
CoffeePeek.ShopsService,POST,/api/admin/{entity:regex(^(shops|roasters|cities|coffee-zones|beans|equipments|brew-methods|shop-tags)$)}/public-addresses/backfill,Операционный API адресов — UI отсутствует,,CoffeePeek.ShopsService/Controllers/AdminPublicAddressesController.cs:34,,Backfill/initialize/rename/history; отсутствие UI не доказывает отсутствие эксплуатационного использования
CoffeePeek.ShopsService,GET,/api/admin/review-reports,Есть статический веб-потребитель,coffee-peek-admin,CoffeePeek.ShopsService/Controllers/AdminReviewReportsController.cs:23,coffee-peek-admin/src/api/reviewReports.ts:36,
CoffeePeek.ShopsService,GET,/api/admin/review-reports/{reportId:guid},Есть статический веб-потребитель,coffee-peek-admin,CoffeePeek.ShopsService/Controllers/AdminReviewReportsController.cs:31,coffee-peek-admin/src/api/reviewReports.ts:40,
CoffeePeek.ShopsService,PUT,/api/admin/review-reports/{reportId:guid}/resolution,Есть статический веб-потребитель,coffee-peek-admin,CoffeePeek.ShopsService/Controllers/AdminReviewReportsController.cs:38,coffee-peek-admin/src/api/reviewReports.ts:44,
CoffeePeek.ShopsService,GET,/api/admin/roasters,Есть статический веб-потребитель,coffee-peek-admin,CoffeePeek.ShopsService/Controllers/AdminRoastersController.cs:23,coffee-peek-admin/src/api/catalogs.ts:140,
CoffeePeek.ShopsService,POST,/api/admin/roasters,Есть статический веб-потребитель,coffee-peek-admin,CoffeePeek.ShopsService/Controllers/AdminRoastersController.cs:28,coffee-peek-admin/src/api/catalogs.ts:124,
CoffeePeek.ShopsService,PATCH,/api/admin/roasters/{id:guid},Есть статический веб-потребитель,coffee-peek-admin,CoffeePeek.ShopsService/Controllers/AdminRoastersController.cs:47,coffee-peek-admin/src/api/catalogs.ts:132; coffee-peek-admin/src/api/roasters.ts:193,
CoffeePeek.ShopsService,DELETE,/api/admin/roasters/{id:guid},Есть статический веб-потребитель,coffee-peek-admin,CoffeePeek.ShopsService/Controllers/AdminRoastersController.cs:71,coffee-peek-admin/src/api/catalogs.ts:136; coffee-peek-admin/src/api/roasters.ts:200,
CoffeePeek.ShopsService,GET,/api/admin/shop-tags,Есть статический веб-потребитель,coffee-peek-admin,CoffeePeek.ShopsService/Controllers/AdminShopTagsController.cs:19,coffee-peek-admin/src/api/admin.ts:1409; coffee-peek-admin/src/api/catalogs.ts:150,
CoffeePeek.ShopsService,POST,/api/admin/shop-tags,Есть статический веб-потребитель,coffee-peek-admin,CoffeePeek.ShopsService/Controllers/AdminShopTagsController.cs:28,coffee-peek-admin/src/api/admin.ts:1419,
CoffeePeek.ShopsService,PATCH,/api/admin/shop-tags/{id:guid},Есть статический веб-потребитель,coffee-peek-admin,CoffeePeek.ShopsService/Controllers/AdminShopTagsController.cs:46,coffee-peek-admin/src/api/admin.ts:1426,
CoffeePeek.ShopsService,DELETE,/api/admin/shop-tags/{id:guid},Есть статический веб-потребитель,coffee-peek-admin,CoffeePeek.ShopsService/Controllers/AdminShopTagsController.cs:61,coffee-peek-admin/src/api/admin.ts:1430,
CoffeePeek.ShopsService,GET,/api/admin/stats/summary,Межсервисный вызов — сохранить,,CoffeePeek.ShopsService/Controllers/AdminStatsController.cs:20,,AdminStatsClient обращается прямо к Shops/Moderation; одинаковый путь в разных сервисах
CoffeePeek.ShopsService,GET,/api/admin/stats/shops/insights,Есть статический веб-потребитель,coffee-peek-admin,CoffeePeek.ShopsService/Controllers/AdminStatsController.cs:33,coffee-peek-admin/src/api/admin.ts:876,
CoffeePeek.ShopsService,GET,/api/admin/stats/shops/timeseries,Есть статический веб-потребитель,coffee-peek-admin,CoffeePeek.ShopsService/Controllers/AdminStatsController.cs:45,coffee-peek-admin/src/api/admin.ts:872,
CoffeePeek.ShopsService,GET,/api/v1/app-downloads,Есть статический веб-потребитель,coffee-peek,CoffeePeek.ShopsService/Controllers/AppDownloadsController.cs:18,coffee-peek/src/api/mobileApp.ts:97,
CoffeePeek.ShopsService,GET,/api/v1/app-version,Мобильный контракт — веб не использует,,CoffeePeek.ShopsService/Controllers/AppDownloadsController.cs:31,,
CoffeePeek.ShopsService,GET,/api/Catalogs/cities,Есть статический веб-потребитель,coffee-peek,CoffeePeek.ShopsService/Controllers/CatalogsController.cs:14,coffee-peek/src/api/coffeeshop.ts:767,
CoffeePeek.ShopsService,GET,/api/Catalogs/beans,Есть статический веб-потребитель,coffee-peek,CoffeePeek.ShopsService/Controllers/CatalogsController.cs:23,coffee-peek/src/api/coffeeshop.ts:781,
CoffeePeek.ShopsService,GET,/api/Catalogs/equipments,Есть статический веб-потребитель,coffee-peek,CoffeePeek.ShopsService/Controllers/CatalogsController.cs:32,coffee-peek/src/api/coffeeshop.ts:774,
CoffeePeek.ShopsService,GET,/api/Catalogs/roasters,Есть статический веб-потребитель,coffee-peek,CoffeePeek.ShopsService/Controllers/CatalogsController.cs:41,coffee-peek/src/api/coffeeshop.ts:788,
CoffeePeek.ShopsService,GET,/api/Catalogs/brew-methods,Есть статический веб-потребитель,coffee-peek,CoffeePeek.ShopsService/Controllers/CatalogsController.cs:50,coffee-peek/src/api/coffeeshop.ts:804,
CoffeePeek.ShopsService,GET,/api/Catalogs/shop-tags,Есть статический веб-потребитель,coffee-peek,CoffeePeek.ShopsService/Controllers/CatalogsController.cs:59,coffee-peek/src/api/coffeeshop.ts:811,
CoffeePeek.ShopsService,POST,/api/CheckIns,Есть статический веб-потребитель,coffee-peek,CoffeePeek.ShopsService/Controllers/CheckInsController.cs:39,coffee-peek/src/api/coffeeshop.ts:905,
CoffeePeek.ShopsService,GET,/api/CheckIns,Есть статический веб-потребитель,coffee-peek,CoffeePeek.ShopsService/Controllers/CheckInsController.cs:84,coffee-peek/src/api/coffeeshop.ts:927,
CoffeePeek.ShopsService,POST,/api/CoffeeShopReviews/{reviewId:guid}/reports,Есть статический веб-потребитель,coffee-peek,CoffeePeek.ShopsService/Controllers/CoffeeShopReviewsController.cs:25,coffee-peek/src/api/reviewReports.ts:7,
CoffeePeek.ShopsService,GET,/api/CoffeeShopReviews/{reviewId:guid},Есть статический веб-потребитель,coffee-peek,CoffeePeek.ShopsService/Controllers/CoffeeShopReviewsController.cs:40,coffee-peek/src/api/coffeeshop.ts:870,
CoffeePeek.ShopsService,DELETE,/api/CoffeeShopReviews/{reviewId:guid},В двух веб-приложениях не используется,,CoffeePeek.ShopsService/Controllers/CoffeeShopReviewsController.cs:58,,
CoffeePeek.ShopsService,PUT,/api/CoffeeShopReviews/{reviewId:guid}/helpful,В двух веб-приложениях не используется,,CoffeePeek.ShopsService/Controllers/CoffeeShopReviewsController.cs:74,,
CoffeePeek.ShopsService,DELETE,/api/CoffeeShopReviews/{reviewId:guid}/helpful,В двух веб-приложениях не используется,,CoffeePeek.ShopsService/Controllers/CoffeeShopReviewsController.cs:90,,
CoffeePeek.ShopsService,GET,/api/CoffeeShops,Есть статический веб-потребитель,"SSR,coffee-peek,coffee-peek-admin",CoffeePeek.ShopsService/Controllers/CoffeeShopsController.cs:30,coffee-peek-admin/src/api/coffeeShops.ts:176; coffee-peek/api/public-page.mjs:146; coffee-peek/src/api/coffeeshop.ts:564,P1: публичные DTO без id; старый mapper админки теряет ключи и неверно читает address
CoffeePeek.ShopsService,GET,/api/CoffeeShops/{slug},Есть статический веб-потребитель,"coffee-peek,coffee-peek-admin",CoffeePeek.ShopsService/Controllers/CoffeeShopsController.cs:98,coffee-peek-admin/src/api/coffeeShops.ts:188; coffee-peek/src/api/coffeeshop.ts:818,P1/P2: админка читает старый DTO; canCreateReview/existingReviewId не заполняются в текущем read path
CoffeePeek.ShopsService,GET,/api/CoffeeShops/by-slug/{slug},Есть статический веб-потребитель,"SSR,coffee-peek",CoffeePeek.ShopsService/Controllers/CoffeeShopsController.cs:99,coffee-peek/api/public-page.mjs:173; coffee-peek/src/api/publicAddresses.ts:13,
CoffeePeek.ShopsService,GET,/download/android,Есть статический веб-потребитель,link,CoffeePeek.ShopsService/Controllers/DownloadRedirectsController.cs:17,coffee-peek/src/pages/DownloadPage.tsx:59,
CoffeePeek.ShopsService,GET,/download/apk,Есть статический веб-потребитель,link,CoffeePeek.ShopsService/Controllers/DownloadRedirectsController.cs:20,coffee-peek/src/pages/DownloadPage.tsx:59,
CoffeePeek.ShopsService,GET,/download/ios,Есть статический веб-потребитель,link,CoffeePeek.ShopsService/Controllers/DownloadRedirectsController.cs:23,coffee-peek/src/pages/DownloadPage.tsx:59,
CoffeePeek.ShopsService,GET,/download/auto,Внешняя/мобильная ссылка — веб не использует,,CoffeePeek.ShopsService/Controllers/DownloadRedirectsController.cs:26,,
CoffeePeek.ShopsService,GET,/api/catalogs/drinks,Есть статический веб-потребитель,coffee-peek,CoffeePeek.ShopsService/Controllers/DrinkCatalogController.cs:22,coffee-peek/src/api/consumedDrinks.ts:18,Каталог выбора напитка с Other; также потребитель ShopsDrinkCatalog на backend
CoffeePeek.ShopsService,GET,/api/admin/drinks,В двух веб-приложениях не используется,,CoffeePeek.ShopsService/Controllers/DrinkCatalogController.cs:29,,
CoffeePeek.ShopsService,POST,/api/admin/drinks,В двух веб-приложениях не используется,,CoffeePeek.ShopsService/Controllers/DrinkCatalogController.cs:36,,
CoffeePeek.ShopsService,PUT,/api/admin/drinks/{slug},В двух веб-приложениях не используется,,CoffeePeek.ShopsService/Controllers/DrinkCatalogController.cs:44,,
CoffeePeek.ShopsService,GET,/internal/public-addresses/{kind:regex(^(shops|roasters|cities|coffee-zones|beans|equipments|brew-methods|shop-tags)$)},Межсервисный вызов — сохранить,,CoffeePeek.ShopsService/Controllers/InternalPublicAddressesController.cs:16,,Потребители в PublicAddressHttpClient / AccountUserExistenceLookup / ShopsRoasterExistenceLookup
CoffeePeek.ShopsService,GET,/internal/public-addresses/{kind:regex(^(shops|roasters|cities|coffee-zones|beans|equipments|brew-methods|shop-tags)$)}/by-slug/{slug},Межсервисный вызов — сохранить,,CoffeePeek.ShopsService/Controllers/InternalPublicAddressesController.cs:20,,Потребители в PublicAddressHttpClient / AccountUserExistenceLookup / ShopsRoasterExistenceLookup
CoffeePeek.ShopsService,GET,/internal/public-addresses/{kind:regex(^(shops|roasters|cities|coffee-zones|beans|equipments|brew-methods|shop-tags)$)}/resolve,Межсервисный вызов — сохранить,,CoffeePeek.ShopsService/Controllers/InternalPublicAddressesController.cs:29,,Потребители в PublicAddressHttpClient / AccountUserExistenceLookup / ShopsRoasterExistenceLookup
CoffeePeek.ShopsService,GET,/internal/roasters/exists,Межсервисный вызов — сохранить,,CoffeePeek.ShopsService/Controllers/InternalRoasterExistenceController.cs:19,,Потребители в PublicAddressHttpClient / AccountUserExistenceLookup / ShopsRoasterExistenceLookup
CoffeePeek.ShopsService,GET,/api/Map,Есть статический веб-потребитель,"coffee-peek,coffee-peek-admin",CoffeePeek.ShopsService/Controllers/MapController.cs:40,coffee-peek-admin/src/api/coffeeShops.ts:235; coffee-peek/src/api/coffeeshop.ts:720,P1: публичные DTO без id; старый mapper админки теряет ключи и неверно читает address
CoffeePeek.ShopsService,GET,/api/menu/drinks,Есть статический веб-потребитель,"coffee-peek,coffee-peek-admin",CoffeePeek.ShopsService/Controllers/MenuController.cs:18,coffee-peek-admin/src/api/menu.ts:251; coffee-peek/src/api/menu.ts:74,"Каталог меню без Other, обёртка data.drinks"
CoffeePeek.ShopsService,GET,/api/owner/coffee-shops,Есть статический веб-потребитель,coffee-peek-admin,CoffeePeek.ShopsService/Controllers/OwnerCoffeeShopsController.cs:24,coffee-peek-admin/src/api/owner.ts:33,
CoffeePeek.ShopsService,GET,/api/owner/coffee-shops/{id:guid},Есть статический веб-потребитель,coffee-peek-admin,CoffeePeek.ShopsService/Controllers/OwnerCoffeeShopsController.cs:34,coffee-peek-admin/src/api/owner.ts:46,
CoffeePeek.ShopsService,PUT,/api/owner/coffee-shops/{id:guid},Есть статический веб-потребитель,coffee-peek-admin,CoffeePeek.ShopsService/Controllers/OwnerCoffeeShopsController.cs:45,coffee-peek-admin/src/api/owner.ts:65,
CoffeePeek.ShopsService,PUT,/api/owner/coffee-shops/{id:guid}/photos/order,Есть статический веб-потребитель,coffee-peek-admin,CoffeePeek.ShopsService/Controllers/OwnerCoffeeShopsController.cs:84,coffee-peek-admin/src/api/owner.ts:77,
CoffeePeek.ShopsService,POST,/api/owner/coffee-shops/{id:guid}/photos,Есть статический веб-потребитель,coffee-peek-admin,CoffeePeek.ShopsService/Controllers/OwnerCoffeeShopsController.cs:101,coffee-peek-admin/src/api/owner.ts:88,
CoffeePeek.ShopsService,DELETE,/api/owner/coffee-shops/{id:guid}/photos,Есть статический веб-потребитель,coffee-peek-admin,CoffeePeek.ShopsService/Controllers/OwnerCoffeeShopsController.cs:117,coffee-peek-admin/src/api/owner.ts:99,
CoffeePeek.ShopsService,GET,/api/Catalogs/cities/by-slug/{slug},Есть статический веб-потребитель,"SSR,coffee-peek",CoffeePeek.ShopsService/Controllers/PublicCityAddressesController.cs:19,coffee-peek/api/public-page.mjs:173; coffee-peek/src/api/publicAddresses.ts:13,
CoffeePeek.ShopsService,GET,/api/Catalogs/cities/{slug},Алиас — веб использует by-slug,,CoffeePeek.ShopsService/Controllers/PublicCityAddressesController.cs:20,,
CoffeePeek.ShopsService,GET,/api/Catalogs/coffee-zones/by-slug/{slug},Есть статический веб-потребитель,"SSR,coffee-peek",CoffeePeek.ShopsService/Controllers/PublicCoffeeZoneAddressesController.cs:20,coffee-peek/api/public-page.mjs:173; coffee-peek/src/api/publicAddresses.ts:13,
CoffeePeek.ShopsService,GET,/api/Catalogs/coffee-zones/{slug},Алиас — веб использует by-slug,,CoffeePeek.ShopsService/Controllers/PublicCoffeeZoneAddressesController.cs:21,,
CoffeePeek.ShopsService,GET,/api/public/stats,Есть статический веб-потребитель,coffee-peek,CoffeePeek.ShopsService/Controllers/PublicStatsController.cs:22,coffee-peek/src/api/public.ts:13,
CoffeePeek.ShopsService,GET,/api/roasters/{slug},Есть статический веб-потребитель,"coffee-peek,coffee-peek-admin",CoffeePeek.ShopsService/Controllers/RoastersController.cs:18,coffee-peek-admin/src/api/roasters.ts:158; coffee-peek/src/api/coffeeshop.ts:795,P1: RoasterEditPage передаёт UUID админ-каталога вместо slug
CoffeePeek.ShopsService,GET,/api/roasters/by-slug/{slug},Есть статический веб-потребитель,"SSR,coffee-peek",CoffeePeek.ShopsService/Controllers/RoastersController.cs:19,coffee-peek/api/public-page.mjs:173; coffee-peek/src/api/publicAddresses.ts:13,
CoffeePeek.ShopsService,GET,/api/users/{slug}/reviews,Есть статический веб-потребитель,coffee-peek,CoffeePeek.ShopsService/Controllers/UserReviewsController.cs:27,coffee-peek/src/api/coffeeshop.ts:831,
